temparr_ntree,temparr_mtry_divideby,temparr_dataset,temparr_rmse,temparr_bias,temparr_var
100,3,full,104.63120542075579,-0.509058479374865,79776.04257431738
100,4,full,104.88113983754647,-0.28821950984411204,75526.83560833048
100,4,relevant_only,105.36303182552372,-0.5604522529025561,76080.57913609427
